Method,SSIM,PSNR,LPIPS,FID
Pix2Pix,0.5860961404599605,15.307295730242132,0.5493025739490985,150.83413481613232
SD1.5_ControlNet,0.3143621804685871,9.809302380570555,0.6019448949893316,74.3271368232862
SD1.5_ControlNet_Gemini,0.29088567556597006,9.726198366994039,0.6038525784015656,82.1940703261208
MoE_Ours,0.22176072536411354,8.453305609357672,0.6879828999439875,134.52216401048418
